Product Id;Product Handle;Product Title;Product Subtitle;Product Description;Product Status;Product Thumbnail;Product Weight;Product Length;Product Width;Product Height;Product HS Code;Product Origin Country;Product MID Code;Product Material;Product Collection Title;Product Collection Handle;Product Type;Product Tags;Product Discountable;Product External Id;Product Profile Name;Product Profile Type;Variant Id;Variant Title;Variant SKU;Variant Barcode;Variant Inventory Quantity;Variant Allow Backorder;Variant Manage Inventory;Variant Weight;Variant Length;Variant Width;Variant Height;Variant HS Code;Variant Origin Country;Variant MID Code;Variant Material;Price EUR;Price USD;Option 1 Name;Option 1 Value;Image 1 Url;Image 2 Url;Image 3 Url;Image 4 Url;Image 5 Url
;balancing-rainbow;Balancing Rainbow;Cool things mastered with this: Fine Motor Skills. Eye-Hand Coordination. Color Recognition. Shape Discovery. Puzzle Power.;Description: Hey there, imagine a super cool toy that looks like a rainbow made of wood! Each piece is curved and painted in lots of different colors, like a rainbow you can play with. How to Play: You can play with this toy in lots of fun ways! Stack the pieces up to make a rainbow tower, or lay them flat to make tunnels and bridges for your toys to go through. You can even line them up like a fence or  pretend they're boats floating in the bathtub!;published;http://joy.unlux.dev/wp-content/uploads/2024/05/balancing-rainbow-2-1-min-666bd6ef9d2e0.webp;;;;;;;;;;;;Age > 2-4, Age > 4-6, Age, Toys & Games, Wooden Wonders;;true;20446;;;;Default;;;7;false;true;;;;;;;;;44900;79900;Size;Default;http://joy.unlux.dev/wp-content/uploads/2024/05/balancing-rainbow-2-1-min-666bd6ef9d2e0.webp;http://joy.unlux.dev/wp-content/uploads/2024/05/balancing-rainbow-1-min-666bd6ee29425.webp;http://joy.unlux.dev/wp-content/uploads/2024/05/balancing-rainbow-4-1-min-666bd6ee0960b.webp;http://joy.unlux.dev/wp-content/uploads/2024/05/balancing-rainbow-3-1-666bd74e88369.webp;
;science-stars;Science Stars;Cool things mastered with this: Awareness of Scientists Curiosity in Science Imagination Booster Science Knowledge;Description: Welcome to Science Stars - the flashcard game that shines a spotlight on the brilliant minds of Indian scientists! Get ready to embark on a journey of discovery and innovation as you explore the fascinating world of science! In this exciting game, children will be inspired by the groundbreaking achievements of Indian scientists through colorful and captivating flashcards. With its engaging illustrations and interactive gameplay, Science Stars is sure to cultivate a love for science and inspire the next generation of young scientists. So, join the quest for knowledge, unlock the secrets of the universe, and let your scientific journey begin with Science Stars! How to Play: Children get a set of cards filled with interesting and captivating knowledge along with activity mats where children can assess their knowledge.;published;http://joy.unlux.dev/wp-content/uploads/2024/05/Science-Stars-1-1-min.png;;;;;;;;;;;;Age > 6-8, Age > 8+, Age, Flashcard Fun, Toys & Games;;true;20447;;;;Default;;;9;false;true;;;;;;;;;24900;49900;Size;Default;http://joy.unlux.dev/wp-content/uploads/2024/05/Science-Stars-1-1-min.png;http://joy.unlux.dev/wp-content/uploads/2024/05/Science-Stars-2-_1_-min.webp;http://joy.unlux.dev/wp-content/uploads/2024/05/Science-Stars-4-_1_-min.webp;http://joy.unlux.dev/wp-content/uploads/2024/05/Science-Stars-3-_1_-min_1.webp;
;sort-master-animal-habitat-safari;Sort Master Animal Habitat Safari;Cool things mastered with this: Cognitive skill building. Critical Thinking. Memory Building. Concentration.;Description: Welcome to Animal Habitat Safari - the wild and wonderful sorting adventure for animal lovers everywhere! Get ready to explore the diverse habitats of our planet as you embark on an epic sorting journey! In this exciting game, kids will become habitat heroes as they sort different animals into their rightful homes. Watch as your child learns about animal habitats while having a blast with this engaging and educational game. With its color full illustrations and interactive gameplay, Animal Habitat Safari is sure to ignite a passion for wildlife in young minds. So, grab your binoculars and get ready to embark on a sorting safari like no other! How to Play: In this sorting game children will dig out tags from their bag, figure out where they belong and then place them at their rightful place on the vibrant mats!! Let the sorting fun begin!;published;http://joy.unlux.dev/wp-content/uploads/2024/05/Sortmaster-Animal-Habitat-Safari-1-_1_-min.webp;;;;;;;;;;;;Age > 4-6, Age, Kid's Development Games, Toys & Games;;true;20448;;;;Default;;;2;false;true;;;;;;;;;49900;59900;Size;Default;http://joy.unlux.dev/wp-content/uploads/2024/05/Sortmaster-Animal-Habitat-Safari-1-_1_-min.webp;http://joy.unlux.dev/wp-content/uploads/2024/05/Sortmaster-Animal-Habitat-Safari-2-_1_-min.webp;http://joy.unlux.dev/wp-content/uploads/2024/05/Sortmaster-Animal-Habitat-Safari-3-_1_-min.webp;;
;sort-master-colors-and-stuff;Sort Master Colors And Stuff;Cool things mastered with this: Cognitive skill building. Critical Thinking. Memory Building. Concentration.;Description: Introducing Color Match Mania - the ultimate game for little ones who love colors and sorting! Get ready to unleash your child's creativity with this exciting color sorting game. With a colorful array of tags featuring pictures of various objects, kids will delight in matching each tag to its corresponding color. Watch as your child hones their color recognition skills while having a blast with this engaging and educational game. With its simple gameplay and eye-catching visuals, Color Match Mania is sure to be a hit with kids of all ages. Let the color sorting fun begin! How to Play: In this sorting game children will dig out tags from their bag, figure out where they belong and then place them at their rightful place on the vibrant mats!! Let the sorting fun begin!;published;http://joy.unlux.dev/wp-content/uploads/2024/05/Sortmaster-Colors-and-stuff-2-_1_-min.webp;;;;;;;;;;;;Age > 4-6, Age, Kid's Development Games, Toys & Games;;true;20449;;;;Default;;;2;false;true;;;;;;;;;49900;69900;Size;Default;http://joy.unlux.dev/wp-content/uploads/2024/05/Sortmaster-Colors-and-stuff-2-_1_-min.webp;http://joy.unlux.dev/wp-content/uploads/2024/05/Sortmaster-Sensory-Organs-3-1-min.webp;;;
;sort-master-sensory-organs;Sort Master Sensory Organs;Cool things mastered with this: Cognitive skill building. Critical Thinking. Memory Building. concentration.;Description: Introducing Sensory Sorting Spectacle - the ultimate game for exploring the five senses! Step into a world of sensory discovery as children become sorting superstars! In this exciting game, kids will flex their cognitive muscles, as the sorting possibilities are endless! With its engaging gameplay and colorful illustrations, Sensory Sorting Spectacle promises hours of sensory filled fun and learning for curious young minds. So, dive in and let the sensory sorting adventure begin! How to Play: In this sorting game children will dig out tags from their bag, figure out where they belong and then place them at their rightful place on the vibrant mats!! Let the sorting fun begin!;published;http://joy.unlux.dev/wp-content/uploads/2024/05/Sortmaster-Sensory-Organs-1-1-min.webp;;;;;;;;;;;;Age > 4-6, Age, Kid's Development Games, Toys & Games;;true;20450;;;;Default;;;2;false;true;;;;;;;;;49900;69900;Size;Default;http://joy.unlux.dev/wp-content/uploads/2024/05/Sortmaster-Sensory-Organs-1-1-min.webp;http://joy.unlux.dev/wp-content/uploads/2024/05/Sortmaster-Sensory-Organs-2-1-min.webp;http://joy.unlux.dev/wp-content/uploads/2024/05/Sortmaster-Sensory-Organs-3-1-min.webp;;
;sort-master-shapes-and-stuff;Sort Master Shapes And Stuff;Cool things mastered with this: Cognitive Skill Building. Critical Thinking. Memory Building. Concentration.;Description: Get ready for Shape Shuffle Showdown - the ultimate shape sorting extravaganza for young learners! Step into the world of shapes and let the fun begin! In this exciting game, kids will embark on a thrilling adventure as they match different objects to their corresponding shapes. With its vibrant visuals and interactive gameplay, Shape Shuffle Showdown is guaranteed to keep kids entertained while they sharpen their shape recognition skills. So, grab your sorting hat and get ready for hours of shape-tastic fun. How to Play: In this sorting game children will dig out tags from their bag, figure out where they belong and then place them at their rightful place on the vibrant mats!! Let the sorting fun begin!;published;http://joy.unlux.dev/wp-content/uploads/2024/05/Sortmaster-Shapes-and-Stuff-1-1-min.webp;;;;;;;;;;;;Age > 4-6, Age, Kid's Development Games, Toys & Games;;true;20451;;;;Default;;;3;false;true;;;;;;;;;49900;69900;Size;Default;http://joy.unlux.dev/wp-content/uploads/2024/05/Sortmaster-Shapes-and-Stuff-1-1-min.webp;http://joy.unlux.dev/wp-content/uploads/2024/05/Sortmaster-Shapes-and-Stuff-2-1-min.webp;http://joy.unlux.dev/wp-content/uploads/2024/05/Sortmaster-Shapes-and-Stuff-3-1-min.webp;;
;memory-match;Memory Match;Cool things mastered with this: Cognitive skill building. Memory Building. Concentration. Imagination Booster.;Description: Introducing Mythical Memory Match - the enchanting memory game that brings mythological creatures to life! Get ready to embark on a magical journey through ancient legends and folklore as you put your memory to the test! In this captivating game, children will become memory masters as they match pairs of flashcards featuring mystical creatures from around the world. With its captivating artwork and interactive gameplay, Mythical Memory Match is sure to captivate imaginations and sharpen memory skills. So, embark on a journey of mythical discovery and unleash the power of your memory today! How to Play: With two exact same cards, players must remember the positions of the cards and use their memory skills to make matches. Watch as your child's memory powers grows while they have a blast with this engaging game.;published;http://joy.unlux.dev/wp-content/uploads/2024/05/Memory-Master-4-min.jpg;;;;;;;;;;;;Age > 4-6, Age > 6-8, Age, Card-Tastic Fun, Toys & Games;;true;20452;;;;Default;;;11;false;true;;;;;;;;;24900;49900;Size;Default;http://joy.unlux.dev/wp-content/uploads/2024/05/Memory-Master-4-min.jpg;http://joy.unlux.dev/wp-content/uploads/2024/05/Memory-Master-2-min.jpg;http://joy.unlux.dev/wp-content/uploads/2024/05/Memory-Master-min.jpg;http://joy.unlux.dev/wp-content/uploads/2024/05/Memory-Master-min-1.jpg;
;hammer-hit;Hammer Hit;Cool things mastered with this: Motor Skills. Hand-eye Coordination. Dexterity.;Description: Get ready to hammer, whack, and roll with this timeless wooden hammer and ball toy! Crafted from sturdy wood and painted in vibrant colors, this toy is as safe as it is fun. How to Play: Your little one's eyes will light up as they pound the color full balls through the holes.;published;http://joy.unlux.dev/wp-content/uploads/2024/05/Hammer-Hit-2-1.webp;;;;;;;;;;;;Age > 2-4, Age, Toys & Games, Wooden Wonders;;true;20453;;;;Default;;;10;false;true;;;;;;;;;49900;69900;Size;Default;http://joy.unlux.dev/wp-content/uploads/2024/05/Hammer-Hit-2-1.webp;http://joy.unlux.dev/wp-content/uploads/2024/05/Hammer-Hit-1.webp;http://joy.unlux.dev/wp-content/uploads/2024/05/Hammer-Hit-3-1.webp;;
;shape-stacker;Shape Stacker;Cool things mastered with this: Fine motor skills. Hand-eye coordination. Problem-solving skills. Spatial reasoning.;Description: This classic stacking game is a blast for toddlers and preschoolers, and it helps them learn important skills while they play. It comes with color full wooden shapes. How to Play: Take turns stacking the colorful wooden shapes Be careful! The pieces come in different sizes, so you’ll need to use your brains to sort them correctly!! Can you sort the shapes by placing them at the right place???;published;http://joy.unlux.dev/wp-content/uploads/2024/05/Shape-Stacker-1.webp;;;;;;;;;;;;Age > 2-4, Age, Toys & Games, Wooden Wonders;;true;20454;;;;Default;;;10;false;true;;;;;;;;;69900;99900;Size;Default;http://joy.unlux.dev/wp-content/uploads/2024/05/Shape-Stacker-1.webp;http://joy.unlux.dev/wp-content/uploads/2024/05/Shape-Stacker-2-1.webp;http://joy.unlux.dev/wp-content/uploads/2024/05/Shape-Stacker-3-1.webp;http://joy.unlux.dev/wp-content/uploads/2024/05/Shape-Stacker-4-1.webp;
;stick-math;Stick Math;Cool things mastered with this: Math Skills. Fine Motor Skills. Hand-eye Coordination. Problem-solving Skills. Creativity and Imagination.;Description: Get ready to dive into the world of numbers and fun with our wooden counting sticks toy! It's like having a magic box full of colorful sticks that help you learn all about math in a super cool way. How to Play: Let's explore all the awesome things you can do with this toy! First, you can use the sticks to learn how to count from 1 to 10. Once you learn that you start using the crazy mathematical operations with addition, subtraction, multiplication and division. But wait, there's more! You can also sort the sticks by color or make cool patterns with them.;published;http://joy.unlux.dev/wp-content/uploads/2024/05/Stick-Math-1.webp;;;;;;;;;;;;Age > 4-6, Age, Toys & Games, Wooden Wonders;;true;20455;;;;Default;;;10;false;true;;;;;;;;;39900;59900;Size;Default;http://joy.unlux.dev/wp-content/uploads/2024/05/Stick-Math-1.webp;http://joy.unlux.dev/wp-content/uploads/2024/05/Stick-Math-3-1.webp;http://joy.unlux.dev/wp-content/uploads/2024/05/Stick-Math-2-1-min.webp;;
;what-am-i;What am I?;Cool things mastered with this: Cognitive Skill Building. Memory Building. Concentration. Imagination Booster. Critical Thinking. Problem Solving.;Description: Welcome to Riddle Master - the coolest guessing game that will leave you splashing with excitement! Get ready to dive into a world of riddles and unravel the mystery of each clue! In this thrilling game, children become riddle-solving wizards as they decipher clues to uncover the hidden objects. The riddles will challenge your wits and keep you on your toes! With its clever clues and interactive gameplay, Riddle master is sure to make a splash at parties and family play time. How to Play: Children read and try solving tricky riddles, like detectives on a case! When they figure it out, they flip the card to see if they're right. It's like unlocking a secret code! Woohoo for brainpower!!;published;http://joy.unlux.dev/wp-content/uploads/2024/05/What-am-I-1-1-min.webp;;;;;;;;;;;;Age > 6-8, Age > 8+, Card-Tastic Fun, Toys & Games;;true;20456;;;;Default;;;9;false;true;;;;;;;;;24900;49900;Size;Default;http://joy.unlux.dev/wp-content/uploads/2024/05/What-am-I-1-1-min.webp;http://joy.unlux.dev/wp-content/uploads/2024/05/What-am-I-4-1-min.webp;http://joy.unlux.dev/wp-content/uploads/2024/05/What-am-I-3-1-min.webp;http://joy.unlux.dev/wp-content/uploads/2024/05/What-am-I-2-1-min.webp;
;what-am-i-super-hero-edition;What am I - Super Hero Edition;Cool things mastered with this: Cognitive skill building. Memory Building. Concentration. Imagination Booster. Critical Thinking. Problem Solving.;Description: Introducing Riddle Master ‘Superhero Edition’ - the ultimate quest for young superheroes in training! Get ready to unleash your inner hero as you tackle thrilling riddles and unlock the secrets of each clue! In this action packed game, children become mighty riddle-solvers as they decipher clues to reveal the identities of their favorite superheroes. How to Play: Children read and try solving tricky riddles, like detectives on a case! When they figure it out, they flip the card to see if they're right. It's like unlocking a secret code! Woohoo for brainpower!!;published;http://joy.unlux.dev/wp-content/uploads/2024/05/What-am-I-Super-hero-min.jpg;;;;;;;;;;;;Age > 6-8, Age > 8+, Card-Tastic Fun, Toys & Games;;true;20457;;;;Default;;;12;false;true;;;;;;;;;24900;49900;Size;Default;http://joy.unlux.dev/wp-content/uploads/2024/05/What-am-I-Super-hero-min.jpg;http://joy.unlux.dev/wp-content/uploads/2024/05/What-am-I-Super-hero-4-min.jpg;http://joy.unlux.dev/wp-content/uploads/2024/05/What-am-I-Super-hero-3-min.jpg;http://joy.unlux.dev/wp-content/uploads/2024/05/What-am-I-Super-hero-2-min.jpg;
;zooga;Zooga;Cool things mastered with this: Physical Fitness. Body Awareness. Mindfulness. Breath Awareness. Concentration and Focus. Self-Regulation.;Description: Introducing Zooga Adventure - the wild and wacky flash card game that combines yoga and animal fun for kids! Get ready to stretch, bend, and roar like never before as you embark on a yoga journey with your favorite animal friends! In this exciting game, children will unleash their inner yogi as they imitate adorable animal yoga poses featured on colorful flashcards. How to Play: Children try to mimic the yoga poses in the cards. With its playful illustrations and interactive gameplay, Zooga Adventure is sure to make yoga fun and accessible for kids of all ages. So, grab your yoga mat, strike a pose, and let the yoga zoo adventure begin!;published;http://joy.unlux.dev/wp-content/uploads/2024/06/Zooga-1-_1_-min-1.webp;;;;;;;;;;;;Age > 4-6, Age > 6-8, Age, Flashcard Fun, Toys & Games;;true;20459;;;;Default;;;10;false;true;;;;;;;;;24900;49900;Size;Default;http://joy.unlux.dev/wp-content/uploads/2024/06/Zooga-1-_1_-min-1.webp;http://joy.unlux.dev/wp-content/uploads/2024/05/Zooga-3-_1_-min.webp;http://joy.unlux.dev/wp-content/uploads/2024/05/Zooga-4-1-min.webp;http://joy.unlux.dev/wp-content/uploads/2024/05/Zooga-2-1-min.webp;
;story-master;Story Master;Cool things mastered with this: Imagination Story telling Creativity Language skills;Description: Welcome to Story Master - where imagination knows no bounds and storytelling reigns supreme!   Get ready to embark on an epic journey of creativity and fun as you become the master storyteller! In this exciting game, children unleash their imagination as they craft captivating stories using different cards.    With its colorful cards and interactive gameplay, Storyteller's Adventure is sure to inspire endless storytelling fun for kids of all ages. So, gather around, let your imagination soar, and embark on a storytelling adventure like never before!  How to Play: With 10 cards in each category, the storytelling possibilities are endless! From brave superheroes in space to mischievous robots in magical forests, storytelling magic awaits! As children weave together tales of adventure, they'll not only sharpen their imagination and narration skills but also develop confidence in expressing themselves creatively.  ;published;http://joy.unlux.dev/wp-content/uploads/2024/06/Storymaster-min.jpg;;;;;;;;;;;;Age > 6-8, Kid's Development Games, Toys & Games;story, story master, storymaster;true;21462;;;;Default;;;12;false;true;;;;;;;;;49900;79900;Size;Default;http://joy.unlux.dev/wp-content/uploads/2024/06/Storymaster-min.jpg;http://joy.unlux.dev/wp-content/uploads/2024/06/Storymaster-2-min.jpg;http://joy.unlux.dev/wp-content/uploads/2024/06/Storymaster-3-min.jpg;http://joy.unlux.dev/wp-content/uploads/2024/06/Storymaster-4-min.jpg;http://joy.unlux.dev/wp-content/uploads/2024/06/Storymaster-5-min.jpg
;sequence-scramble;Sequence Scramble;Cool things mastered with this: Logical reasoning. Problem solving. Memory. Attention to detail.;Description: Get ready for Sequence Scramble, the super fun game where you get to put four sets of cards in the right order. It’s like a puzzle party that makes you smarter! Kids will love the challenge and have a blast improving their logic skills. Sequence Scramble is the coolest way to learn sequencing! How to Play: Children arrange four sets of cards in a specific order by looking at the pictures in the front.;published;http://joy.unlux.dev/wp-content/uploads/2024/06/SS-min.jpg;;;;;;;;;;;;Age > 4-6, Card-Tastic Fun, Toys & Games;;true;21723;;;;Default;;;10;false;true;;;;;;;;;24900;49900;Size;Default;http://joy.unlux.dev/wp-content/uploads/2024/06/SS-min.jpg;http://joy.unlux.dev/wp-content/uploads/2024/06/SS-2-min.jpg;http://joy.unlux.dev/wp-content/uploads/2024/06/SS-3-min.jpg;;
;master-says;Master Says;Cool things mastered with this: Listening skills. Following directions. Social skills. Attention to detail.;Description: Get ready to jump, dance, and wiggle your way to fun with our newest game sensation: Master Says Inspired by the classic game Simon Says, Master Says puts a zany twist on imitation play that will have kids laughing and moving in no time! How to Play: Each player gets a stack of colorful flashcards featuring hilarious pictures and wacky actions. The rules are simple: as soon as a child sees a flashcard, they must quickly imitate the action depicted.  But here's the catch – they can only do so if the card is presented with the command ""Master Says"" It's a race against the clock as players strive to keep up with the ever-changing commands.;published;http://joy.unlux.dev/wp-content/uploads/2024/07/Master-Says.jpg;;;;;;;;;;;;Age > 4-6, Card-Tastic Fun, Toys & Games;;true;21750;;;;Default;;;11;false;true;;;;;;;;;24900;49900;Size;Default;http://joy.unlux.dev/wp-content/uploads/2024/07/Master-Says.jpg;http://joy.unlux.dev/wp-content/uploads/2024/07/Master-Says-2-min.jpg;http://joy.unlux.dev/wp-content/uploads/2024/07/Master-Says-min.jpg;;
;basic-alphabet-number-and-shape-flashcard-combo;Basic Alphabet, Number and Shape flashcard Combo;Cool things mastered with this: Alphabet Recognition. Shape Recognition. Number Recognition.;Description: Dive into the world of early learning with JJ’s Basic Flashcard Set. Perfect for beginners, these alphabet flashcards feature realistic pictures and are printed on both sides, allowing children to explore not only letters but also numbers and shapes. Each card is designed to engage young minds with vibrant visuals, making learning both educational and enjoyable from the very beginning. How to Play: Children flip through cards and learn.;published;http://joy.unlux.dev/wp-content/uploads/2024/07/88-min.jpg;;;;;;;;;;;;Age > 2-4, Flashcard Fun, Toys & Games;;true;21754;;;;Default;;;11;false;true;;;;;;;;;24900;49900;Size;Default;http://joy.unlux.dev/wp-content/uploads/2024/07/88-min.jpg;http://joy.unlux.dev/wp-content/uploads/2024/07/Basic-Flashcards-min.jpg;http://joy.unlux.dev/wp-content/uploads/2024/07/Basic-Flashcards-2-min.jpg;;
;festive-fiesta-flashcards;Festive Fiesta Flashcards;Cool things mastered with this: Knowledge building. Curiosity. Geographical Knowledge.;Description: Welcome to Festive Fiesta - the celebration-filled flashcard game that brings the vibrant festivals of India to life! Get ready to immerse yourself in a whirlwind of colors, traditions, and joyous festivities! In this exciting game, children will embark on a cultural journey as they explore the rich tapestry of Indian festivals through colorful flashcards. How to Play: Children get a set of cards filled with interesting and captivating knowledge about Indian festivals.;published;http://joy.unlux.dev/wp-content/uploads/2024/07/Festivals-3-min.jpg;;;;;;;;;;;;Age > 4-6, Age > 6-8, Flashcard Fun, Toys & Games;;true;21765;;;;Default;;;11;false;true;;;;;;;;;24900;49900;Size;Default;http://joy.unlux.dev/wp-content/uploads/2024/07/Festivals-3-min.jpg;http://joy.unlux.dev/wp-content/uploads/2024/07/Festivals-2-min.jpg;http://joy.unlux.dev/wp-content/uploads/2024/07/Festivals-min.jpg;;
;shadow-match-mania;Shadow Match Mania;Cool things mastered with this: Visual perception. Boosts memory. Sharpens pattern recognition skills.;Description: We bring you Shadow Match Mania! In this delightful game, children match pictures with their shadows, turning playtime into an exciting learning adventure. It's a fantastic way to stimulate their brain while keeping them entertained. See your child's face light up as they explore the fun of matching pictures with shadows. How to Play: Children have to match each card with its shadow.;published;http://joy.unlux.dev/wp-content/uploads/2024/07/Shadow-Match-min.jpg;;;;;;;;;;;;Age > 4-6, Card-Tastic Fun, Toys & Games;;true;21766;;;;Default;;;10;false;true;;;;;;;;;24900;49900;Size;Default;http://joy.unlux.dev/wp-content/uploads/2024/07/Shadow-Match-min.jpg;http://joy.unlux.dev/wp-content/uploads/2024/07/Shadow-Match-2-min.jpg;http://joy.unlux.dev/wp-content/uploads/2024/07/Shadow-Match-3-min.jpg;;
;food-kingdom-100-foods-flashcards;Food Kingdom (100 foods) Flashcards;Cool things mastered with this: Observation skills.  Vocabulary. Knowledge of foods.;Description: Introducing ""Food Kingdom,"" the tasty treat for curious minds hungry for knowledge!  Designed for budding foodies, Food Kingdom Flashcards has 50 flashcards with realistic pictures of 100 food items. As your child explores the colorful world of fruits, vegetables, and other food products, they'll expand their vocabulary faster than a moong sprouting. How to Play: Flip through each card, exploring different types of foods. Each food type is colour coded to help sort different types of foods.;published;http://joy.unlux.dev/wp-content/uploads/2024/07/Food-_-100-3-min.jpg;;;;;;;;;;;;Age > 2-4, Age > 4-6, Flashcard Fun, Toys & Games;;true;21767;;;;Default;;;10;false;true;;;;;;;;;19900;39900;Size;Default;http://joy.unlux.dev/wp-content/uploads/2024/07/Food-_-100-3-min.jpg;http://joy.unlux.dev/wp-content/uploads/2024/07/Food-_-100-2-min.jpg;http://joy.unlux.dev/wp-content/uploads/2024/07/Food-_-100-min.jpg;;
;animal-century-100-animals-birds-and-fishes-flashcards;Animal Century (100 animals, birds and fishes) Flashcards;Cool things mastered with this: Observation skills.  Vocabulary. Knowledge of Animals.;Description: Picture this: your child diving into a safari adventure from the comfort of home, encountering 100 amazing animals, birds and fishes along the way as each flashcard boasts stunningly realistic images that'll transport your little explorer straight to the heart of the wild! ???????? How to Play: From the depths of the ocean to the heights of the jungle, let these flashcards introduce you to these majestic animals.;published;http://joy.unlux.dev/wp-content/uploads/2024/07/Animal_100-min.jpg;;;;;;;;;;;;Age > 2-4, Age > 4-6, Flashcard Fun, Toys & Games;;true;21771;;;;Default;;;10;false;true;;;;;;;;;19900;39900;Size;Default;http://joy.unlux.dev/wp-content/uploads/2024/07/Animal_100-min.jpg;http://joy.unlux.dev/wp-content/uploads/2024/07/Animal_100-2-min.jpg;http://joy.unlux.dev/wp-content/uploads/2024/07/Animal_100-3-min.jpg;;
;hindi-swar-vyanjan-and-ginti-flashcards;Hindi Swar, Vyanjan and Ginti flashcards;Cool things mastered with this: Hindi letter recognition.;Description: Say Namaste to Hindi swar, vyanjans and Ginti. Begin your Hindi learning journey with JJ's Basic Hindi Flashcards! Each card introduces Hindi letters alongside realistic pictures, making learning engaging and enjoyable. These high-quality flashcards are designed to ignite curiosity and build a strong foundation in Hindi language skills from the start. How to Play: Children flip through cards and learn.;published;http://joy.unlux.dev/wp-content/uploads/2024/07/Hindi-Flashcards-min.jpg;;;;;;;;;;;;Age > 2-4, Age > 4-6, Flashcard Fun, Toys & Games;;true;21775;;;;Default;;;11;false;true;;;;;;;;;19900;39900;Size;Default;http://joy.unlux.dev/wp-content/uploads/2024/07/Hindi-Flashcards-min.jpg;http://joy.unlux.dev/wp-content/uploads/2024/07/Hindi-Flashcards-2-min.jpg;http://joy.unlux.dev/wp-content/uploads/2024/07/Hindi-Flashcards-3-min.jpg;;
;cosmic-quest-flashcards;Cosmic Quest Flashcards;Cool things mastered with this: Observation skills. Vocabulary. Space knowledge.;Description: Get ready to blast off on an out-of-this-world adventure with Cosmic Quest Embark on a cosmic journey through the wonders of the universe with these captivating flashcards, designed to ignite curiosity and inspire a love for astrophysics in young minds. How to Play: Each card features stunning images and fascinating facts about celestial marvels like planets, black holes, nebulae, and more! But the excitement doesn't end there! As children flip through these captivating cards, they'll not only expand their knowledge of the cosmos but also thirst for discovery.;published;http://joy.unlux.dev/wp-content/uploads/2024/07/Cosmic-Quest-min.jpg;;;;;;;;;;;;Age > 8+, Flashcard Fun, Toys & Games;;true;21782;;;;Default;;;11;false;true;;;;;;;;;24900;49900;Size;Default;http://joy.unlux.dev/wp-content/uploads/2024/07/Cosmic-Quest-min.jpg;http://joy.unlux.dev/wp-content/uploads/2024/07/Cosmic-Quest-2-min.jpg;http://joy.unlux.dev/wp-content/uploads/2024/07/Cosmic-Quest-3-min.jpg;;
;rhyming-and-opposites-matchup;Rhyming and Opposites Matchup;Cool things mastered with this: Vocabulary. Memory. Critical thinking skills. Language structure.;Description: Want to make learning words super fun for your kids? Introducing Rhyming and Opposites Match up, the exciting game where children match opposites and rhyming words. Kids will improve their vocabulary, enhance their memory, and develop critical thinking skills. They'll also get better at recognizing patterns and understanding language structures. How to Play: The cards are color coded on the red side match opposites, on the blue side match rhyming words.;published;http://joy.unlux.dev/wp-content/uploads/2024/07/Rhyming-and-opposites-min.jpg;;;;;;;;;;;;Age > 4-6, Card-Tastic Fun, Toys & Games;;true;21786;;;;Default;;;8;false;true;;;;;;;;;24900;49900;Size;Default;http://joy.unlux.dev/wp-content/uploads/2024/07/Rhyming-and-opposites-min.jpg;http://joy.unlux.dev/wp-content/uploads/2024/07/Rhyming-and-opposites-2-min.jpg;http://joy.unlux.dev/wp-content/uploads/2024/07/Rhyming-and-opposites-min-1.jpg;;
;phonic-phun;Phonic Phun;Cool things mastered with this: Phonemic awareness. Letter sound correspondence. Vocabulary development. Reading fluency. Word recognition;Description: Introducing ""Phonics Phun,"" the ultimate game for parents and kids to dive into the wonderful world of phonics together designed by teachers. English can be tricky and with Phonics Phun, children will embark on a journey filled with colorful images and practicing activities where they will learn how to read and pronounce words correctly. But here's the best part: parents get to join in on the fun too! With our easy-to-follow guide and interactive materials, parents will become phonics pros in no time. How to Play: In this you get a deck of cards illustrating how to pronounce different phenomes along with pictorial depiction. Children get reusable writing sheets featuring red and blue lines to practice different words using phenomes.;published;http://joy.unlux.dev/wp-content/uploads/2024/07/Phonic-Phun-min.jpg;;;;;;;;;;;;Age > 4-6, Age > 6-8, Kid's Development Games, Toys & Games;;true;21790;;;;Default;;;11;false;true;;;;;;;;;44900;79900;Size;Default;http://joy.unlux.dev/wp-content/uploads/2024/07/Phonic-Phun-min.jpg;http://joy.unlux.dev/wp-content/uploads/2024/07/Phonic-Phun-2-min.jpg;http://joy.unlux.dev/wp-content/uploads/2024/07/Phonic-Phun-3-min.jpg;http://joy.unlux.dev/wp-content/uploads/2024/07/Vocab-Voyage-4-min.jpg;
;doddle-dash;Doddle Dash;Cool things mastered with this: Imagination. Creativity.  Storytelling. Problem Solving.  Attention to Detail.;Description: Introducing our hilarious and imaginative game, Doddle Dash. Get ready to unleash your creativity and laughter with this unique twist on the classic game Pictionary. So, grab your marker, pick a card, and get ready to explain words with a picture. How to Play: With Doddle dash, players dive into a world of endless possibilities as they draw scenarios from our deck of vibrant flashcards. Can you convey the pictures without uttering a single word? It's a challenge that will have everyone giggling and guessing! Perfect for family game nights or lively gatherings, Doddle dash encourages creativity, communication, and lots of laughter.;published;http://joy.unlux.dev/wp-content/uploads/2024/07/Doodledash-min.jpg;;;;;;;;;;;;Age > 4-6, Age > 6-8, Card-Tastic Fun, Kid's Development Games, Toys & Games;;true;21819;;;;Default;;;12;false;true;;;;;;;;;44900;79900;Size;Default;http://joy.unlux.dev/wp-content/uploads/2024/07/Doodledash-min.jpg;http://joy.unlux.dev/wp-content/uploads/2024/07/Doodle-dash-min.jpg;http://joy.unlux.dev/wp-content/uploads/2024/07/Doodledash-2-min.jpg;http://joy.unlux.dev/wp-content/uploads/2024/07/Doodledash-3-min.jpg;http://joy.unlux.dev/wp-content/uploads/2024/07/Doodledash-4-min.jpg
;vocab-voyage;Vocab Voyage;Cool things mastered with this: Vocabulary. Writing skills. Engaging activity.;Description: Introducing ""Vocab Voyage"" – it's like going on an exciting trip through the alphabet! You'll see lots of cool pictures and letters. It's a super fun adventure where you learn new words and letters while having a blast! Every time you write a letter, you get better at reading and writing. So, let's go on this awesome journey together! Grab your markers, and let's start the vocab voyage! How to Play: As children journey through Vocab Voyage, they can practice writing their letters and words over and over again on write-and-wipe sheets featuring red and blue lines commonly used in early childhood education with erasable markers.;published;http://joy.unlux.dev/wp-content/uploads/2024/07/Vocab-Voyage-3-min.jpg;;;;;;;;;;;;Age > 4-6, Kid's Development Games, Toys & Games;;true;21826;;;;Default;;;11;false;true;;;;;;;;;44900;79900;Size;Default;http://joy.unlux.dev/wp-content/uploads/2024/07/Vocab-Voyage-3-min.jpg;http://joy.unlux.dev/wp-content/uploads/2024/07/Vocab-Voyage-2-min.jpg;http://joy.unlux.dev/wp-content/uploads/2024/07/Vocab-Voyage-4-min.jpg;http://joy.unlux.dev/wp-content/uploads/2024/07/Vocab-Voyage-5-min.jpg;http://joy.unlux.dev/wp-content/uploads/2024/07/Vocab-Voyage-min.jpg
;sight-word-safari;Sight Word Safari;Cool things mastered with this: Word recognition. Vocabulary expansion. Writing skills. Comprehension.;Description: Introducing ""Sight Word Safari,"" the thrilling adventure that turns learning sight words into a wonderful journey! Get ready to explore the world of words with excitement and joy. So, join the adventure, grab your markers, and let the sight word safari begin—where every word is a discovery waiting to be made! How to Play: In Sight Word Safari, children embark on an expedition through 100 essential sight words, each one is a steppingstone towards reading success. Flashcards featuring vibrant illustrations and engaging examples, learning has never been more fun! But that's not all—Sight Word Safari takes the excitement further with reusable writing sheets in red and blue lines. Children can practice writing their sight words over and over again.;published;http://joy.unlux.dev/wp-content/uploads/2024/07/Sight-word-Safari-3-min.jpg;;;;;;;;;;;;Age > 4-6, Age > 6-8, Kid's Development Games, Toys & Games;;true;21833;;;;Default;;;12;false;true;;;;;;;;;44900;79900;Size;Default;http://joy.unlux.dev/wp-content/uploads/2024/07/Sight-word-Safari-3-min.jpg;http://joy.unlux.dev/wp-content/uploads/2024/07/Sight-word-Safari-2-min.jpg;http://joy.unlux.dev/wp-content/uploads/2024/07/Sight-word-safari-min.jpg;http://joy.unlux.dev/wp-content/uploads/2024/07/Sight-word-Safari-min-1.jpg;
;community-helpers-flashcards;Community Helpers Flashcards;Cool things mastered with this: Career exploration. Vocabulary expansion.;Description: Embark on a journey through 40 exciting professions with our dynamic double-sided flashcard game! Each card features a colorful, high-quality image of a profession on the front, Flip the card over to discover where they work. From where they work to what they do, these cards bring careers to life in a fun and educational way. How to Play: Children flip through cards and learn.;published;http://joy.unlux.dev/wp-content/uploads/2024/07/Occupation-Flashcards-3-min.jpg;;;;;;;;;;;;Age > 2-4, Age > 4-6, Flashcard Fun, Toys & Games;;true;21838;;;;Default;;;11;false;true;;;;;;;;;24900;49900;Size;Default;http://joy.unlux.dev/wp-content/uploads/2024/07/Occupation-Flashcards-3-min.jpg;http://joy.unlux.dev/wp-content/uploads/2024/07/Occupation-Flashcards-2-min.jpg;http://joy.unlux.dev/wp-content/uploads/2024/07/Occupation-Flashcards-4-min.jpg;http://joy.unlux.dev/wp-content/uploads/2024/07/Occupation-Flashcards-min.jpg;
;scavenger-hunt-indoor-and-outdoor-challenges;Scavenger Hunt - Indoor and outdoor challenges!;Cool things mastered with this: Critical thinking. Observation. Problem solving.  Teamwork abilities;Description: Scavenger Hunt is the coolest scavenger hunt game with two awesome modes: Scavenger Hunt Indoor with 30 flashcards and Scavenger hunt Outdoors with fun activity sheets. Perfect for rainy days inside or sunny adventures outside, Scavenger Hunt guarantees hours of fun and excitement! Plus, as it is a write and wipe activity just change the surroundings and start a new adventure!! How to Play: Scavenger hunt Indoor: Grab a flashcard with a riddle or clue. Figure out the answer. Hunt down the item or spot in the house and place the card there. Scavenger hunt Outdoors: Check out the activity sheet with cool spots or items to find. You have 6 options like airport, temple, mall etc. get outdoors and start exploring! Mark each spot or item you find on the sheet.;published;http://joy.unlux.dev/wp-content/uploads/2024/07/Scavenger-Hunt-min.jpg;;;;;;;;;;;;Age > 6-8, Kid's Development Games, Toys & Games;;true;21843;;;;Default;;;12;false;true;;;;;;;;;54900;99900;Size;Default;http://joy.unlux.dev/wp-content/uploads/2024/07/Scavenger-Hunt-min.jpg;http://joy.unlux.dev/wp-content/uploads/2024/07/Scavenger-Hunt-4-min.jpg;http://joy.unlux.dev/wp-content/uploads/2024/07/Scavenger-Hunt-3-min.jpg;http://joy.unlux.dev/wp-content/uploads/2024/07/Scavenger-Hunt-2-min.jpg;
;stacking-tray-puzzle;Stacking Tray Puzzle;Cools things mastered with this Fine motor skills Color recognition Animal identification Spatial awareness Imagination;Description:   You can build farms with animals, zoom around with cars and trucks, make yummy fruit and veggie salads, learn the alphabet and numbers, and even dive into the ocean with sea creatures! The colorful wooden pieces fit together perfectly, just like magic. Get ready for endless hours of learning and playing!   How to play: Sorting: Encourage your child to sort the puzzle pieces. Matching:  Have your child match the animals to their corresponding shapes in the frame.  Stacking:  Let your child stack the animals on top of each other to create imaginative structures.  Pretend Play:  Encourage your child to use the animals in pretend play scenarios, such as a zoo, safari, or underwater adventure.   ;published;http://joy.unlux.dev/wp-content/uploads/2024/08/77.jpg;;;;;;;;;;;;Toys & Games, Wooden Wonders;;true;21972;;;;Numbers;WW-ST-NUM-001;;;false;true;;;;;;;;;39900;59900;Design;Numbers;http://joy.unlux.dev/wp-content/uploads/2024/08/77.jpg;http://joy.unlux.dev/wp-content/uploads/2024/09/Stacking-tray-Puzzle-min.jpg;http://joy.unlux.dev/wp-content/uploads/2024/09/Stacking-tray-Puzzle-5-min.jpg;http://joy.unlux.dev/wp-content/uploads/2024/09/Stacking-tray-Puzzle-3-min.jpg;http://joy.unlux.dev/wp-content/uploads/2024/09/Stacking-tray-Puzzle-4-min.jpg
;stacking-tray-puzzle;Stacking Tray Puzzle;Cools things mastered with this Fine motor skills Color recognition Animal identification Spatial awareness Imagination;Description:   You can build farms with animals, zoom around with cars and trucks, make yummy fruit and veggie salads, learn the alphabet and numbers, and even dive into the ocean with sea creatures! The colorful wooden pieces fit together perfectly, just like magic. Get ready for endless hours of learning and playing!   How to play: Sorting: Encourage your child to sort the puzzle pieces. Matching:  Have your child match the animals to their corresponding shapes in the frame.  Stacking:  Let your child stack the animals on top of each other to create imaginative structures.  Pretend Play:  Encourage your child to use the animals in pretend play scenarios, such as a zoo, safari, or underwater adventure.   ;published;http://joy.unlux.dev/wp-content/uploads/2024/08/82.jpg;;;;;;;;;;;;Toys & Games, Wooden Wonders;;true;21972;;;;Wild Animals;WW-ST-WA-001;;;false;true;;;;;;;;;39900;59900;Design;Wild Animals;http://joy.unlux.dev/wp-content/uploads/2024/08/82.jpg;http://joy.unlux.dev/wp-content/uploads/2024/09/Stacking-tray-Puzzle-min.jpg;http://joy.unlux.dev/wp-content/uploads/2024/09/Stacking-tray-Puzzle-5-min.jpg;http://joy.unlux.dev/wp-content/uploads/2024/09/Stacking-tray-Puzzle-3-min.jpg;http://joy.unlux.dev/wp-content/uploads/2024/09/Stacking-tray-Puzzle-4-min.jpg
;stacking-tray-puzzle;Stacking Tray Puzzle;Cools things mastered with this Fine motor skills Color recognition Animal identification Spatial awareness Imagination;Description:   You can build farms with animals, zoom around with cars and trucks, make yummy fruit and veggie salads, learn the alphabet and numbers, and even dive into the ocean with sea creatures! The colorful wooden pieces fit together perfectly, just like magic. Get ready for endless hours of learning and playing!   How to play: Sorting: Encourage your child to sort the puzzle pieces. Matching:  Have your child match the animals to their corresponding shapes in the frame.  Stacking:  Let your child stack the animals on top of each other to create imaginative structures.  Pretend Play:  Encourage your child to use the animals in pretend play scenarios, such as a zoo, safari, or underwater adventure.   ;published;http://joy.unlux.dev/wp-content/uploads/2024/08/80.jpg;;;;;;;;;;;;Toys & Games, Wooden Wonders;;true;21972;;;;Fruits;WW-ST-FR-001;;;false;true;;;;;;;;;39900;59900;Design;Fruits;http://joy.unlux.dev/wp-content/uploads/2024/08/80.jpg;http://joy.unlux.dev/wp-content/uploads/2024/09/Stacking-tray-Puzzle-min.jpg;http://joy.unlux.dev/wp-content/uploads/2024/09/Stacking-tray-Puzzle-5-min.jpg;http://joy.unlux.dev/wp-content/uploads/2024/09/Stacking-tray-Puzzle-3-min.jpg;http://joy.unlux.dev/wp-content/uploads/2024/09/Stacking-tray-Puzzle-4-min.jpg
;stacking-tray-puzzle;Stacking Tray Puzzle;Cools things mastered with this Fine motor skills Color recognition Animal identification Spatial awareness Imagination;Description:   You can build farms with animals, zoom around with cars and trucks, make yummy fruit and veggie salads, learn the alphabet and numbers, and even dive into the ocean with sea creatures! The colorful wooden pieces fit together perfectly, just like magic. Get ready for endless hours of learning and playing!   How to play: Sorting: Encourage your child to sort the puzzle pieces. Matching:  Have your child match the animals to their corresponding shapes in the frame.  Stacking:  Let your child stack the animals on top of each other to create imaginative structures.  Pretend Play:  Encourage your child to use the animals in pretend play scenarios, such as a zoo, safari, or underwater adventure.   ;published;http://joy.unlux.dev/wp-content/uploads/2024/08/79.jpg;;;;;;;;;;;;Toys & Games, Wooden Wonders;;true;21972;;;;Dinosaur;WW-ST-DN-001;;;false;true;;;;;;;;;39900;59900;Design;Dinosaur;http://joy.unlux.dev/wp-content/uploads/2024/08/79.jpg;http://joy.unlux.dev/wp-content/uploads/2024/09/Stacking-tray-Puzzle-min.jpg;http://joy.unlux.dev/wp-content/uploads/2024/09/Stacking-tray-Puzzle-5-min.jpg;http://joy.unlux.dev/wp-content/uploads/2024/09/Stacking-tray-Puzzle-3-min.jpg;http://joy.unlux.dev/wp-content/uploads/2024/09/Stacking-tray-Puzzle-4-min.jpg
;stacking-tray-puzzle;Stacking Tray Puzzle;Cools things mastered with this Fine motor skills Color recognition Animal identification Spatial awareness Imagination;Description:   You can build farms with animals, zoom around with cars and trucks, make yummy fruit and veggie salads, learn the alphabet and numbers, and even dive into the ocean with sea creatures! The colorful wooden pieces fit together perfectly, just like magic. Get ready for endless hours of learning and playing!   How to play: Sorting: Encourage your child to sort the puzzle pieces. Matching:  Have your child match the animals to their corresponding shapes in the frame.  Stacking:  Let your child stack the animals on top of each other to create imaginative structures.  Pretend Play:  Encourage your child to use the animals in pretend play scenarios, such as a zoo, safari, or underwater adventure.   ;published;http://joy.unlux.dev/wp-content/uploads/2024/08/81.jpg;;;;;;;;;;;;Toys & Games, Wooden Wonders;;true;21972;;;;Water Animals;;;;false;true;;;;;;;;;39900;59900;Design;Water Animals;http://joy.unlux.dev/wp-content/uploads/2024/08/81.jpg;http://joy.unlux.dev/wp-content/uploads/2024/09/Stacking-tray-Puzzle-min.jpg;http://joy.unlux.dev/wp-content/uploads/2024/09/Stacking-tray-Puzzle-5-min.jpg;http://joy.unlux.dev/wp-content/uploads/2024/09/Stacking-tray-Puzzle-3-min.jpg;http://joy.unlux.dev/wp-content/uploads/2024/09/Stacking-tray-Puzzle-4-min.jpg
;stacking-tray-puzzle;Stacking Tray Puzzle;Cools things mastered with this Fine motor skills Color recognition Animal identification Spatial awareness Imagination;Description:   You can build farms with animals, zoom around with cars and trucks, make yummy fruit and veggie salads, learn the alphabet and numbers, and even dive into the ocean with sea creatures! The colorful wooden pieces fit together perfectly, just like magic. Get ready for endless hours of learning and playing!   How to play: Sorting: Encourage your child to sort the puzzle pieces. Matching:  Have your child match the animals to their corresponding shapes in the frame.  Stacking:  Let your child stack the animals on top of each other to create imaginative structures.  Pretend Play:  Encourage your child to use the animals in pretend play scenarios, such as a zoo, safari, or underwater adventure.   ;published;http://joy.unlux.dev/wp-content/uploads/2024/08/75.jpg;;;;;;;;;;;;Toys & Games, Wooden Wonders;;true;21972;;;;Fram Animal's;WW-ST-FA-001;;;false;true;;;;;;;;;39900;59900;Design;Fram Animal's;http://joy.unlux.dev/wp-content/uploads/2024/08/75.jpg;http://joy.unlux.dev/wp-content/uploads/2024/09/Stacking-tray-Puzzle-min.jpg;http://joy.unlux.dev/wp-content/uploads/2024/09/Stacking-tray-Puzzle-5-min.jpg;http://joy.unlux.dev/wp-content/uploads/2024/09/Stacking-tray-Puzzle-3-min.jpg;http://joy.unlux.dev/wp-content/uploads/2024/09/Stacking-tray-Puzzle-4-min.jpg
;bead-count-adventure;Bead & Count Adventure;Cool things mastered with this: Numeracy Fine Motor Skills Color Recognition Problem-Solving Concentration;Description: Let’s make math magical with this super fun and colorful Abacus Math Toy! Packed with bright beads and clever equations, it’s like a mini math playground. Perfect for little hands and curious minds, this sturdy wooden abacus is all set to turn counting and simple math into a joyful adventure. With each arch full of vibrant beads, your child will love sliding and counting their way to math mastery! How to Play: Counting:  Encourage your child to slide the beads across each arch, counting aloud as they move them from one side to the other.  Simple Math:  Use the equations printed on the wooden board to guide your child in solving basic addition and subtraction problems. For example, show the child ""2 + 1"" on the board, and have them slide two beads, then add one more to visually see the result.  Color Recognition:  Ask your child to group beads by color, or use different colors to represent different numbers during math exercises.   ;published;http://joy.unlux.dev/wp-content/uploads/2024/09/Bead-Game-min.jpg;;;;;;;;;;;;Age > 4-6, Toys & Games, Wooden Wonders;;true;21987;;;;Default;WW-BG-001;;2;false;true;;;;;;;;;54900;99900;Size;Default;http://joy.unlux.dev/wp-content/uploads/2024/09/Bead-Game-min.jpg;http://joy.unlux.dev/wp-content/uploads/2024/09/Bead-Game-4-min.jpg;http://joy.unlux.dev/wp-content/uploads/2024/09/Bead-Game-3-min.jpg;http://joy.unlux.dev/wp-content/uploads/2024/09/Bead-Game-2-min.jpg;
;wooden-nut-truck-a-diy-adventure;Wooden Nut Truck: A DIY Adventure!;Cool things mastered with this: Fine motor skills Problem-solving Spatial reasoning Creativity Patience;Description: This wooden nut truck is a fun and educational toy that's packed with possibilities. With nuts, bolts, screws, and a hammer, kids can take this truck apart and put it back together again. It's like a mini construction site right in their hands! Plus, there's a workbench with pegs for hammering and a turning wheel to keep the play going. It's the perfect way to spark creativity, develop fine motor skills, and learn about tools and problem-solving. Let's get building! How to Play: Explore: Children can examine the truck and its components to understand how they fit together. Disassemble: Using the provided tools, kids can take apart the truck by removing the nuts, bolts, and screws. Assemble: Once the truck is disassembled, children can use the tools to put it back together in the correct order. Create: Children can also use their imagination to create new configurations with the truck's parts. Play: The truck can be used for imaginative play, such as driving it around or pretending to be a construction worker.  ;published;http://joy.unlux.dev/wp-content/uploads/2024/09/Red-Truck-min-1.webp;;;;;;;;;;;;Age > 4-6, Age > 6-8, Toys & Games, Wooden Wonders;;true;22007;;;;Default;WW-RT-001;;3;false;true;;;;;;;;;149900;199900;Size;Default;http://joy.unlux.dev/wp-content/uploads/2024/09/Red-Truck-min-1.webp;http://joy.unlux.dev/wp-content/uploads/2024/09/Red-truck-min.jpg;http://joy.unlux.dev/wp-content/uploads/2024/09/Red-truck-2-min.jpg;http://joy.unlux.dev/wp-content/uploads/2024/09/Red-truck-3-min.jpg;
;wooden-intelligence-russian-blocks;Wooden Intelligence Russian Blocks;Cool things mastered with this: Spatial reasoning Logical thinking Fine motor skills Cognitive skills;Description: This cool wooden puzzle is like a real-life Tetris game. You'll get a bunch of colorful blocks in different shapes and sizes.Your mission is to fill up the board with these blocks, making sure they fit together perfectly. It's like creating a colorful masterpiece! The trick is to clear whole rows to score big points. Get ready to test your puzzle-solving skills and have a blast!  How to Play: Sorting:  Sort the wooden blocks by shape and size.  Planning:  Carefully examine the board and plan your next move.  Fitting:  Place the blocks on the board, ensuring they fit snugly without overlapping.   ;published;http://joy.unlux.dev/wp-content/uploads/2024/09/Wooden-Tetris-min.webp;;;;;;;;;;;;Age > 4-6, Toys & Games, Wooden Wonders;;true;22009;;;;Default;WW-TP-001;;5;false;true;;;;;;;;;19900;29900;Size;Default;http://joy.unlux.dev/wp-content/uploads/2024/09/Wooden-Tetris-min.webp;http://joy.unlux.dev/wp-content/uploads/2024/09/Wooden-Tetris-4-min.webp;http://joy.unlux.dev/wp-content/uploads/2024/09/Wooden-Tetris-3-min.webp;http://joy.unlux.dev/wp-content/uploads/2024/09/Wooden-Tetris-2-min.jpg;
;wooden-beads-game;Wooden Beads Game;Cool things mastered with this: Fine motor skills Cognitive skills Color recognition Counting skills Spatial awareness;Description: This comprehensive wooden toy set offers a variety of activities designed to help young children develop essential cognitive and fine motor skills. The set includes a shape sorter board, a number matching game, a fruit and vegetable recognition game, and a pegboard with colorful beads.  How to Play: Shape Sorter:  Encourage your child to match the wooden shapes to their corresponding holes in the board.  Number Matching:  Have your child match the numbers on the cards to the corresponding number of beads on the pegboard.  Fruit and Vegetable Recognition:  Ask your child to identify and name the fruits and vegetables pictured on the cards. Pegboard Activities:  Let your child create patterns, designs, or count the beads on the pegboard.   ;published;http://joy.unlux.dev/wp-content/uploads/2024/09/Tong-ball-min.jpg;;;;;;;;;;;;Age > 4-6, Age > 6-8, Toys & Games, Wooden Wonders;;true;22012;;;;Default;WW-WG-001;;5;false;true;;;;;;;;;89900;139900;Size;Default;http://joy.unlux.dev/wp-content/uploads/2024/09/Tong-ball-min.jpg;http://joy.unlux.dev/wp-content/uploads/2024/09/Tong-ball-2-min.jpg;http://joy.unlux.dev/wp-content/uploads/2024/09/Tong-ball-3-min.jpg;;
;balancing-rabbit;Balancing Rabbit;Cool things mastered with this: Fine motor skills Balancing Creativity;Description: This wooden balance toy lets your child learn balancing. It features a sturdy wooden base with a teeter-totter on top. On each side, you'll find cute little houses and colorful carrots. The star of the show is a lovable bunny that can be placed anywhere on the teeter-totter. How to Play: The goal of the game is to balance the teeter-totter by carefully placing the bunnies, houses, and carrots on either side. Experiment with different combinations and see how creative you can get! You can make the teeter-totter tilt to the left or right, or even keep it perfectly balanced. The possibilities are endless!  ;published;http://joy.unlux.dev/wp-content/uploads/2024/10/Content-PDF-3.webp;;;;;;;;;;;;Age > 4-6, Toys & Games, Wooden Wonders;;true;22022;;;;Default;WW-BR-001;;5;false;true;;;;;;;;;39900;59900;Size;Default;http://joy.unlux.dev/wp-content/uploads/2024/10/Content-PDF-3.webp;;;;
;wooden-mosaic-puzzle;Wooden Mosaic Puzzle;Cool things mastered with this: Fine Motor Skills Color Recognition Pattern Recognition Spatial Reasoning Creativity & Imagination Patience & Focus;Description: Introducing the Wooden Mosaic Puzzle – where creativity meets fun in every colorful tile!  Imagine a world where every piece fits just right, and you can create amazing pictures tile by tile. With a wooden grid board, vibrant mosaic pieces, and tons of pattern cards, your child will have endless fun turning tiny tiles into masterpieces!  How to Play: Pick a Pattern: Choose a card from the deck – what picture will you create today? Prep the Board: Make sure the grid is ready for action! Color Match: Check out the colors on your pattern card and grab the right tiles. Place Your Tiles: One by one, start building your picture by matching the tiles to the card. Masterpiece Complete! Keep placing the tiles until you’ve crafted your work of art!  ;published;http://joy.unlux.dev/wp-content/uploads/2024/10/22-min.webp;;;;;;;;;;;;Age > 4-6, Age > 6-8, Toys & Games, Wooden Wonders;;true;22024;;;;Default;WW-MP-001;;2;false;true;;;;;;;;;64900;89900;Size;Default;http://joy.unlux.dev/wp-content/uploads/2024/10/22-min.webp;http://joy.unlux.dev/wp-content/uploads/2024/10/22-min.webp;http://joy.unlux.dev/wp-content/uploads/2024/10/23-min.webp;http://joy.unlux.dev/wp-content/uploads/2024/10/24-min.webp;
;dino-color-match-game;Dino Color Match Game;Cool things mastered with this: Color Recognition Problem Solving Fine Motor Skills;Description: Roar into fun with the Dino Color Match game! Slide colorful discs to match the pattern on your cards, just like a dino-themed puzzle adventure. The more you play, the better you get at matching colors! It’s a cool way to practice thinking skills while playing with bright, fun dino designs. When bored with Dinos just turn around and play with colorful discs. Perfect for little puzzle lovers! How to Play: 1. Pick a card with a fun color pattern. 2. Slide the colored discs to match the pattern on your card. 3. Match all the colors, and you win!   Ready to take on the dino challenge again? Grab another card and see how fast you can match!;published;http://joy.unlux.dev/wp-content/uploads/2024/10/Dino-puzzle-min.webp;;;;;;;;;;;;Age > 4-6, Age > 6-8, Toys & Games, Wooden Wonders;;true;22032;;;;Default;WW-DM-001;;5;false;true;;;;;;;;;49900;79900;Size;Default;http://joy.unlux.dev/wp-content/uploads/2024/10/Dino-puzzle-min.webp;http://joy.unlux.dev/wp-content/uploads/2024/10/Dino-puzzle-2-min.webp;;;
